,knn_scores,svc_scores,mlp_scores,gnb_scores,arvore_scores
Precision,0.1536877923539737,0.14550458120848062,0.143095334761651,0.07296575827264393,0.13670820786098256
Recall,0.137078398632012,0.14509559828779162,0.15426120252311679,0.12431609513410248,0.14557905070707045
F1,0.1314624532092496,0.1355841284395337,0.14580029132382613,0.06714960604295875,0.13625725383838733
