,knn_scores,svc_scores,mlp_scores,gnb_scores,arvore_scores
Precision,0.12124855737709923,0.14550458120848062,0.17353831068184652,0.07296575827264393,0.12110666244977036
Recall,0.12525116569992073,0.14509559828779162,0.16864931607549863,0.12431609513410248,0.12228554768576876
F1,0.117540217279411,0.1355841284395337,0.15839281999595792,0.06714960604295875,0.11883886481604887
main_score,0.23524720893141945,0.2974481658692185,0.3062200956937799,0.09888357256778309,0.2065390749601276
