,knn_scores,svc_scores,mlp_scores,gnb_scores,arvore_scores
Precision,0.5808543096872616,0.5955102810790417,0.5659192479580829,0.5929951690821257,0.5655797101449275
Recall,0.6398148148148147,0.6592592592592593,0.6175925925925926,0.6555555555555556,0.5699074074074074
F1,0.6086318877016552,0.6254022808936104,0.5868349978016457,0.6217116217116216,0.565389876880985
