,knn_scores,svc_scores,mlp_scores,gnb_scores,arvore_scores
Precision,0.6665484633569739,0.5955102810790417,0.5743240644590593,0.5929951690821257,0.5684065934065935
Recall,0.650925925925926,0.6592592592592593,0.6259259259259259,0.6555555555555556,0.5699074074074074
F1,0.6369100209253662,0.6254022808936104,0.5931971938163888,0.6217116217116216,0.5669991973397547
main_score,0.8617021276595744,0.8936170212765957,0.8457446808510638,0.8882978723404256,0.7712765957446809
