,knn_scores,svc_scores,mlp_scores,gnb_scores,arvore_scores
Precision,0.6434224257884973,0.7834647495361782,0.7636904761904761,0.4365694115669604,0.7229978354978356
Recall,0.5981872294372295,0.7804441934876719,0.735638998682477,0.5152173913043478,0.6874633647925573
F1,0.6137881666531921,0.7817400501186267,0.7407251488603178,0.4685099846390169,0.7015912472319448
main_score,0.8415841584158416,0.900990099009901,0.8712871287128713,0.7326732673267327,0.8316831683168316
