,knn_scores,svc_scores,mlp_scores,gnb_scores,arvore_scores
Precision,0.6931818181818182,0.6915554380864279,0.6969600340136055,0.4365694115669604,0.6661281179138322
Recall,0.7136538409830335,0.6667243083003953,0.6464015151515152,0.5152173913043478,0.6874633647925573
F1,0.6849861932997018,0.6758282129516044,0.6578375061870978,0.4685099846390169,0.6603553512738775
