,knn_scores,svc_scores,mlp_scores,gnb_scores,arvore_scores
Precision,0.7109195402298852,0.7350574712643678,0.7374657909140668,0.7334154351395731,0.6303968253968254
Recall,0.7455254515599345,0.7136288998357962,0.7087848932676518,0.7503694581280789,0.6086507936507937
F1,0.7095511767925562,0.6958625665522217,0.6993694383146716,0.7075148988942093,0.5987782587782587
