,knn_scores,svc_scores,mlp_scores,gnb_scores,arvore_scores
Precision,0.7109195402298852,0.7350574712643678,0.43976961735582426,0.7334154351395731,0.4988888888888889
Recall,0.7455254515599345,0.7136288998357962,0.5149425287356322,0.7503694581280789,0.5297619047619047
F1,0.7095511767925562,0.6958625665522217,0.4251025174960267,0.7075148988942093,0.48990860990860985
main_score,0.7352941176470589,0.7254901960784313,0.46078431372549017,0.696078431372549,0.5686274509803921
