,knn_scores,svc_scores,mlp_scores,gnb_scores,arvore_scores
Precision,0.6489776046738072,0.4243697478991597,0.6729166666666666,0.6497835497835498,0.5328638497652582
Recall,0.5891608391608392,0.47377622377622375,0.5967365967365967,0.6008158508158508,0.5285547785547785
F1,0.5932802829354553,0.4276540236805138,0.6020187454938717,0.6077093638069249,0.5284982140083863
