,knn_scores,svc_scores,mlp_scores,gnb_scores,arvore_scores
Precision,0.9646358543417367,0.9849246231155779,0.9849246231155779,0.6226385636221702,0.9382921589688507
Recall,0.9342514316880284,0.968421052631579,0.968421052631579,0.6285246795745841,0.9451049904554132
F1,0.9473143548682155,0.9760425909494232,0.9760425909494232,0.6246808510638298,0.9415576509422476
main_score,0.9548611111111112,0.9791666666666666,0.9791666666666666,0.6597222222222222,0.9479166666666666
