,knn_scores,svc_scores,mlp_scores,gnb_scores,arvore_scores
Precision,0.9646358543417367,0.9923469387755102,0.9873737373737373,0.6226385636221702,0.9352836400928375
Recall,0.9342514316880284,0.9842105263157894,0.9736842105263157,0.6285246795745841,0.9398418325606763
F1,0.9473143548682155,0.9881225684945631,0.9800926245939034,0.6246808510638298,0.9374999999999999
main_score,0.9548611111111112,0.9895833333333334,0.9826388888888888,0.6597222222222222,0.9444444444444444
