,knn_scores,svc_scores,mlp_scores,gnb_scores,arvore_scores
Precision,0.8675889328063241,0.8888888888888888,0.8107407407407408,0.8777777777777778,0.8695652173913043
Recall,0.8569264069264069,0.8886724386724386,0.8061327561327561,0.8712842712842713,0.8562049062049062
F1,0.8591369870439638,0.8884567250988123,0.8065168109687816,0.8731884057971016,0.8581078018042523
