,knn_scores,svc_scores,mlp_scores,gnb_scores,arvore_scores
Precision,0.8559805310377393,0.8888888888888888,0.891053391053391,0.8777777777777778,0.8777777777777778
Recall,0.8553391053391053,0.8886724386724386,0.8886724386724386,0.8712842712842713,0.8712842712842713
F1,0.8553520553520553,0.8884567250988123,0.8895048041389505,0.8731884057971016,0.8731884057971016
main_score,0.8571428571428571,0.8888888888888888,0.8888888888888888,0.873015873015873,0.873015873015873
