,knn_scores,svc_scores,mlp_scores,gnb_scores,arvore_scores
Precision,0.7207602339181286,0.6392857142857142,0.7171052631578947,0.26820728291316526,0.7111111111111112
Recall,0.6994047619047619,0.5535714285714285,0.6755952380952381,0.3958333333333333,0.6607142857142857
F1,0.6991807475678443,0.5442612942612942,0.6819584736251403,0.3172043010752688,0.6537497590129169
